Title,Description,Priority,Date,Repeat,Status
ToDo Item 001,This is ToDo Item 001,Low,7/28/2023,No,Pending
ToDo Item 002,This is ToDo Item 002,High,7/27/2023,Yes,Completed
ToDo Item 003,This is ToDo Item 003,Normal,7/26/2023,No,Pending
ToDo Item 004,This is ToDo Item 004,Low,7/28/2023,No,Pending
ToDo Item 005,This is ToDo Item 005,High,7/27/2023,Yes,Completed
ToDo Item 006,This is ToDo Item 006,Normal,7/26/2023,No,Pending
ToDo Item 007,This is ToDo Item 007,Low,7/28/2023,No,Pending
ToDo Item 008,This is ToDo Item 008,High,7/27/2023,Yes,Completed
ToDo Item 009,This is ToDo Item 009,Normal,7/26/2023,No,Pending
ToDo Item 010,This is ToDo Item 010,Low,7/28/2023,No,Pending
ToDo Item 011,This is ToDo Item 011,High,7/27/2023,Yes,Completed
ToDo Item 012,This is ToDo Item 012,Normal,7/26/2023,No,Pending
ToDo Item 013,This is ToDo Item 013,Low,7/28/2023,No,Pending
ToDo Item 014,This is ToDo Item 014,High,7/27/2023,Yes,Completed
ToDo Item 015,This is ToDo Item 015,Normal,7/26/2023,No,Pending
ToDo Item 016,This is ToDo Item 016,Low,7/28/2023,No,Pending
ToDo Item 017,This is ToDo Item 017,High,7/27/2023,Yes,Completed
ToDo Item 018,This is ToDo Item 018,Normal,7/26/2023,No,Pending
ToDo Item 019,This is ToDo Item 019,Low,7/28/2023,No,Pending
ToDo Item 020,This is ToDo Item 020,High,7/27/2023,Yes,Completed
ToDo Item 021,This is ToDo Item 021,Normal,7/26/2023,No,Pending
ToDo Item 022,This is ToDo Item 022,Low,7/28/2023,No,Pending
ToDo Item 023,This is ToDo Item 023,High,7/27/2023,Yes,Completed
ToDo Item 024,This is ToDo Item 024,Normal,7/26/2023,No,Pending
ToDo Item 025,This is ToDo Item 025,Low,7/28/2023,No,Pending
ToDo Item 026,This is ToDo Item 026,High,7/27/2023,Yes,Completed
ToDo Item 027,This is ToDo Item 027,Normal,7/26/2023,No,Pending
ToDo Item 028,This is ToDo Item 028,Low,7/28/2023,No,Pending
ToDo Item 029,This is ToDo Item 029,High,7/27/2023,Yes,Completed
ToDo Item 030,This is ToDo Item 030,Normal,7/26/2023,No,Pending
ToDo Item 031,This is ToDo Item 031,Low,7/28/2023,No,Pending
ToDo Item 032,This is ToDo Item 032,High,7/27/2023,Yes,Completed
ToDo Item 033,This is ToDo Item 033,Normal,7/26/2023,No,Pending
ToDo Item 034,This is ToDo Item 034,Low,7/28/2023,No,Pending
ToDo Item 035,This is ToDo Item 035,High,7/27/2023,Yes,Completed
ToDo Item 036,This is ToDo Item 036,Normal,7/26/2023,No,Pending
ToDo Item 037,This is ToDo Item 037,Low,7/28/2023,No,Pending
ToDo Item 038,This is ToDo Item 038,High,7/27/2023,Yes,Completed
ToDo Item 039,This is ToDo Item 039,Normal,7/26/2023,No,Pending
ToDo Item 040,This is ToDo Item 040,Low,7/28/2023,No,Pending
ToDo Item 041,This is ToDo Item 041,High,7/27/2023,Yes,Completed
ToDo Item 042,This is ToDo Item 042,Normal,7/26/2023,No,Pending
ToDo Item 043,This is ToDo Item 043,Low,7/28/2023,No,Pending
ToDo Item 044,This is ToDo Item 044,High,7/27/2023,Yes,Completed
ToDo Item 045,This is ToDo Item 045,Normal,7/26/2023,No,Pending
ToDo Item 046,This is ToDo Item 046,Low,7/28/2023,No,Pending
ToDo Item 047,This is ToDo Item 047,High,7/27/2023,Yes,Completed
ToDo Item 048,This is ToDo Item 048,Normal,7/26/2023,No,Pending
ToDo Item 049,This is ToDo Item 049,Low,7/28/2023,No,Pending
ToDo Item 050,This is ToDo Item 050,High,7/27/2023,Yes,Completed
